[
{
    "fields": {
        "code": "GB",
        "name": "United Kingdom"
    },
    "model": "representatives.country",
    "pk": 1218
},
{
    "fields": {
        "updated": "2015-12-27T16:05:08.207Z",
        "last_name": "HONEYBALL",
        "photo": "http://www.europarl.europa.eu/mepphoto/5846.jpg",
        "created": "2015-12-27T16:05:08.207Z",
        "gender": 1,
        "remote_id": "5846",
        "first_name": "Mary",
        "cv": "",
        "active": true,
        "birth_place": "Weymouth",
        "full_name": "Mary HONEYBALL",
        "birth_date": "1952-11-12",
        "slug": "mary-honeyball"
    },
    "model": "representatives.representative",
    "pk": 160
},
{
    "fields": {
        "email": "mary.honeyball@europarl.europa.eu",
        "updated": "2015-12-27T16:05:08.423Z",
        "representative": 160,
        "kind": "official",
        "created": "2015-12-27T16:05:08.423Z"
    },
    "model": "representatives.email",
    "pk": 160
},
{
    "fields": {
        "url": "http://twitter.com/maryhoneyball",
        "updated": "2015-12-27T16:05:08.425Z",
        "representative": 160,
        "kind": "twitter",
        "created": "2015-12-27T16:05:08.425Z"
    },
    "model": "representatives.website",
    "pk": 296
},
{
    "fields": {
        "url": "https://www.facebook.com/mhoneyball",
        "updated": "2015-12-27T16:05:08.427Z",
        "representative": 160,
        "kind": "facebook",
        "created": "2015-12-27T16:05:08.427Z"
    },
    "model": "representatives.website",
    "pk": 297
},
{
    "fields": {
        "country": null,
        "name": "European Parliament",
        "abbreviation": "EP"
    },
    "model": "representatives.chamber",
    "pk": 1
},
{
    "fields": {
        "updated": "2015-12-27T16:03:31.046Z",
        "name": "European Parliament",
        "created": "2015-12-27T16:03:31.046Z",
        "kind": "chamber",
        "abbreviation": "EP",
        "chamber": 1
    },
    "model": "representatives.group",
    "pk": 1
},
{
    "fields": {
        "updated": "2015-12-27T16:03:31.046Z",
        "name": "Committee on Employment and Social Affairs",
        "created": "2015-12-27T16:03:31.046Z",
        "kind": "committee",
        "abbreviation": "EMPL",
        "chamber": 1
    },
    "model": "representatives.group",
    "pk": 3
},
{
    "fields": {
        "updated": "2015-12-27T16:03:31.100Z",
        "name": "Committee on Legal Affairs",
        "created": "2015-12-27T16:03:31.100Z",
        "kind": "committee",
        "abbreviation": "JURI",
        "chamber": 1
    },
    "model": "representatives.group",
    "pk": 9
},
{
    "fields": {
        "updated": "2015-12-27T16:03:31.388Z",
        "name": "Committee on Culture and Education",
        "created": "2015-12-27T16:03:31.388Z",
        "kind": "committee",
        "abbreviation": "CULT",
        "chamber": 1
    },
    "model": "representatives.group",
    "pk": 20
},
{
    "fields": {
        "updated": "2015-12-27T16:03:31.402Z",
        "name": "Group of the Progressive Alliance of Socialists and Democrats in the European Parliament",
        "created": "2015-12-27T16:03:31.402Z",
        "kind": "group",
        "abbreviation": "SD",
        "chamber": 1
    },
    "model": "representatives.group",
    "pk": 21
},
{
    "fields": {
        "updated": "2015-12-27T16:03:31.510Z",
        "name": "Committee on Industry, Research and Energy",
        "created": "2015-12-27T16:03:31.510Z",
        "kind": "committee",
        "abbreviation": "ITRE",
        "chamber": 1
    },
    "model": "representatives.group",
    "pk": 23
},
{
    "fields": {
        "updated": "2015-12-27T16:03:31.521Z",
        "name": "Committee on Regional Development",
        "created": "2015-12-27T16:03:31.521Z",
        "kind": "committee",
        "abbreviation": "REGI",
        "chamber": 1
    },
    "model": "representatives.group",
    "pk": 24
},
{
    "fields": {
        "updated": "2015-12-27T16:03:31.768Z",
        "name": "Committee on Economic and Monetary Affairs",
        "created": "2015-12-27T16:03:31.768Z",
        "kind": "committee",
        "abbreviation": "ECON",
        "chamber": 1
    },
    "model": "representatives.group",
    "pk": 30
},
{
    "fields": {
        "updated": "2015-12-27T16:03:31.794Z",
        "name": "United Kingdom",
        "created": "2015-12-27T16:03:31.794Z",
        "kind": "country",
        "abbreviation": "GB"
    },
    "model": "representatives.group",
    "pk": 33
},
{
    "fields": {
        "updated": "2015-12-27T16:03:32.489Z",
        "name": "Socialist Group in the European Parliament",
        "created": "2015-12-27T16:03:32.489Z",
        "kind": "group",
        "abbreviation": "PSE",
        "chamber": 1
    },
    "model": "representatives.group",
    "pk": 41
},
{
    "fields": {
        "updated": "2015-12-27T16:03:33.606Z",
        "name": "Committee on the Environment, Public Health and Food Safety",
        "created": "2015-12-27T16:03:33.606Z",
        "kind": "committee",
        "abbreviation": "ENVI",
        "chamber": 1
    },
    "model": "representatives.group",
    "pk": 48
},
{
    "fields": {
        "updated": "2015-12-27T16:03:34.712Z",
        "name": "Delegation for relations with South Africa",
        "created": "2015-12-27T16:03:34.712Z",
        "kind": "delegation",
        "abbreviation": "",
        "chamber": 1
    },
    "model": "representatives.group",
    "pk": 64
},
{
    "fields": {
        "updated": "2015-12-27T16:03:34.756Z",
        "name": "Group of the Party of European Socialists",
        "created": "2015-12-27T16:03:34.756Z",
        "kind": "group",
        "abbreviation": "PSE",
        "chamber": 1
    },
    "model": "representatives.group",
    "pk": 67
},
{
    "fields": {
        "updated": "2015-12-27T16:03:36.124Z",
        "name": "Committee on Women's Rights and Gender Equality",
        "created": "2015-12-27T16:03:36.124Z",
        "kind": "committee",
        "abbreviation": "FEMM",
        "chamber": 1
    },
    "model": "representatives.group",
    "pk": 77
},
{
    "fields": {
        "updated": "2015-12-27T16:03:36.219Z",
        "name": "Delegation to the EU-Turkey Joint Parliamentary Committee",
        "created": "2015-12-27T16:03:36.219Z",
        "kind": "delegation",
        "abbreviation": "",
        "chamber": 1
    },
    "model": "representatives.group",
    "pk": 79
},
{
    "fields": {
        "updated": "2015-12-27T16:03:37.137Z",
        "name": "Delegation for relations with Canada",
        "created": "2015-12-27T16:03:37.137Z",
        "kind": "delegation",
        "abbreviation": "",
        "chamber": 1
    },
    "model": "representatives.group",
    "pk": 86
},
{
    "fields": {
        "updated": "2015-12-27T16:03:40.000Z",
        "name": "Delegation to the Parliamentary Assembly of the Union for the Mediterranean",
        "created": "2015-12-27T16:03:40.000Z",
        "kind": "delegation",
        "abbreviation": "",
        "chamber": 1
    },
    "model": "representatives.group",
    "pk": 97
},
{
    "fields": {
        "updated": "2015-12-27T16:03:42.041Z",
        "name": "Delegation to the Euro-Mediterranean Parliamentary Assembly",
        "created": "2015-12-27T16:03:42.041Z",
        "kind": "delegation",
        "abbreviation": "",
        "chamber": 1
    },
    "model": "representatives.group",
    "pk": 101
},
{
    "fields": {
        "updated": "2015-12-27T16:03:47.768Z",
        "name": "Delegation to the EU-Former Yugoslav Republic of Macedonia Joint Parliamentary Committee",
        "created": "2015-12-27T16:03:47.768Z",
        "kind": "delegation",
        "abbreviation": "",
        "chamber": 1
    },
    "model": "representatives.group",
    "pk": 111
},
{
    "fields": {
        "updated": "2015-12-27T16:03:58.940Z",
        "name": "Delegation for relations with Palestine",
        "created": "2015-12-27T16:03:58.940Z",
        "kind": "delegation",
        "abbreviation": "",
        "chamber": 1
    },
    "model": "representatives.group",
    "pk": 121
},
{
    "fields": {
        "updated": "2015-12-27T16:04:34.387Z",
        "name": "Delegation to the EU-Malta Joint Parliamentary Committee",
        "created": "2015-12-27T16:04:34.387Z",
        "kind": "delegation",
        "abbreviation": "",
        "chamber": 1
    },
    "model": "representatives.group",
    "pk": 141
},
{
    "fields": {
        "updated": "2015-12-27T16:04:50.770Z",
        "name": "Delegation to the EU-Cyprus Joint Parliamentary Committee",
        "created": "2015-12-27T16:04:50.770Z",
        "kind": "delegation",
        "abbreviation": "",
        "chamber": 1
    },
    "model": "representatives.group",
    "pk": 150
},
{
    "fields": {
        "country": null,
        "updated": "2015-12-27T16:03:05.604Z",
        "name": "European Parliament",
        "created": "2015-12-27T16:03:05.603Z"
    },
    "model": "representatives.constituency",
    "pk": 1
},
{
    "fields": {
        "country": 1218,
        "updated": "2015-12-27T16:11:32.621Z",
        "name": "Labour Party",
        "created": "2015-12-27T16:03:38.998Z"
    },
    "model": "representatives.constituency",
    "pk": 21
},
{
    "fields": {
        "updated": "2015-12-27T16:05:08.213Z",
        "group": 77,
        "end_date": "9999-12-31",
        "created": "2015-12-27T16:05:08.213Z",
        "role": "Member",
        "representative": 160,
        "link": "",
        "begin_date": "2014-07-01",
        "constituency": 1
    },
    "model": "representatives.mandate",
    "pk": 3287
},
{
    "fields": {
        "updated": "2015-12-27T16:05:08.218Z",
        "group": 9,
        "end_date": "9999-12-31",
        "created": "2015-12-27T16:05:08.218Z",
        "role": "Member",
        "representative": 160,
        "link": "",
        "begin_date": "2014-07-01",
        "constituency": 1
    },
    "model": "representatives.mandate",
    "pk": 3288
},
{
    "fields": {
        "updated": "2015-12-27T16:05:08.223Z",
        "group": 20,
        "end_date": "9999-12-31",
        "created": "2015-12-27T16:05:08.223Z",
        "role": "Substitute",
        "representative": 160,
        "link": "",
        "begin_date": "2014-07-08",
        "constituency": 1
    },
    "model": "representatives.mandate",
    "pk": 3289
},
{
    "fields": {
        "updated": "2015-12-27T16:05:08.229Z",
        "group": 77,
        "end_date": "2014-06-30",
        "created": "2015-12-27T16:05:08.228Z",
        "role": "Member",
        "representative": 160,
        "link": "",
        "begin_date": "2012-01-19",
        "constituency": 1
    },
    "model": "representatives.mandate",
    "pk": 3290
},
{
    "fields": {
        "updated": "2015-12-27T16:05:08.233Z",
        "group": 20,
        "end_date": "2014-06-30",
        "created": "2015-12-27T16:05:08.233Z",
        "role": "Member",
        "representative": 160,
        "link": "",
        "begin_date": "2012-01-19",
        "constituency": 1
    },
    "model": "representatives.mandate",
    "pk": 3291
},
{
    "fields": {
        "updated": "2015-12-27T16:05:08.238Z",
        "group": 9,
        "end_date": "2014-06-30",
        "created": "2015-12-27T16:05:08.238Z",
        "role": "Substitute",
        "representative": 160,
        "link": "",
        "begin_date": "2012-01-19",
        "constituency": 1
    },
    "model": "representatives.mandate",
    "pk": 3292
},
{
    "fields": {
        "updated": "2015-12-27T16:05:08.244Z",
        "group": 77,
        "end_date": "2012-01-18",
        "created": "2015-12-27T16:05:08.244Z",
        "role": "Member",
        "representative": 160,
        "link": "",
        "begin_date": "2009-07-16",
        "constituency": 1
    },
    "model": "representatives.mandate",
    "pk": 3293
},
{
    "fields": {
        "updated": "2015-12-27T16:05:08.248Z",
        "group": 20,
        "end_date": "2012-01-18",
        "created": "2015-12-27T16:05:08.248Z",
        "role": "Member",
        "representative": 160,
        "link": "",
        "begin_date": "2009-07-16",
        "constituency": 1
    },
    "model": "representatives.mandate",
    "pk": 3294
},
{
    "fields": {
        "updated": "2015-12-27T16:05:08.253Z",
        "group": 9,
        "end_date": "2012-01-18",
        "created": "2015-12-27T16:05:08.253Z",
        "role": "Substitute",
        "representative": 160,
        "link": "",
        "begin_date": "2010-09-20",
        "constituency": 1
    },
    "model": "representatives.mandate",
    "pk": 3295
},
{
    "fields": {
        "updated": "2015-12-27T16:05:08.258Z",
        "group": 24,
        "end_date": "2010-09-19",
        "created": "2015-12-27T16:05:08.258Z",
        "role": "Substitute",
        "representative": 160,
        "link": "",
        "begin_date": "2009-07-16",
        "constituency": 1
    },
    "model": "representatives.mandate",
    "pk": 3296
},
{
    "fields": {
        "updated": "2015-12-27T16:05:08.263Z",
        "group": 23,
        "end_date": "2009-07-13",
        "created": "2015-12-27T16:05:08.263Z",
        "role": "Member",
        "representative": 160,
        "link": "",
        "begin_date": "2007-01-31",
        "constituency": 1
    },
    "model": "representatives.mandate",
    "pk": 3297
},
{
    "fields": {
        "updated": "2015-12-27T16:05:08.268Z",
        "group": 20,
        "end_date": "2009-07-13",
        "created": "2015-12-27T16:05:08.268Z",
        "role": "Substitute",
        "representative": 160,
        "link": "",
        "begin_date": "2007-01-31",
        "constituency": 1
    },
    "model": "representatives.mandate",
    "pk": 3298
},
{
    "fields": {
        "updated": "2015-12-27T16:05:08.274Z",
        "group": 77,
        "end_date": "2009-07-13",
        "created": "2015-12-27T16:05:08.274Z",
        "role": "Substitute",
        "representative": 160,
        "link": "",
        "begin_date": "2007-01-31",
        "constituency": 1
    },
    "model": "representatives.mandate",
    "pk": 3299
},
{
    "fields": {
        "updated": "2015-12-27T16:05:08.279Z",
        "group": 48,
        "end_date": "2007-01-30",
        "created": "2015-12-27T16:05:08.279Z",
        "role": "Member",
        "representative": 160,
        "link": "",
        "begin_date": "2007-01-15",
        "constituency": 1
    },
    "model": "representatives.mandate",
    "pk": 3300
},
{
    "fields": {
        "updated": "2015-12-27T16:05:08.284Z",
        "group": 77,
        "end_date": "2007-01-30",
        "created": "2015-12-27T16:05:08.283Z",
        "role": "Substitute",
        "representative": 160,
        "link": "",
        "begin_date": "2007-01-15",
        "constituency": 1
    },
    "model": "representatives.mandate",
    "pk": 3301
},
{
    "fields": {
        "updated": "2015-12-27T16:05:08.288Z",
        "group": 20,
        "end_date": "2007-01-30",
        "created": "2015-12-27T16:05:08.288Z",
        "role": "Substitute",
        "representative": 160,
        "link": "",
        "begin_date": "2007-01-15",
        "constituency": 1
    },
    "model": "representatives.mandate",
    "pk": 3302
},
{
    "fields": {
        "updated": "2015-12-27T16:05:08.293Z",
        "group": 48,
        "end_date": "2007-01-14",
        "created": "2015-12-27T16:05:08.293Z",
        "role": "Member",
        "representative": 160,
        "link": "",
        "begin_date": "2004-07-21",
        "constituency": 1
    },
    "model": "representatives.mandate",
    "pk": 3303
},
{
    "fields": {
        "updated": "2015-12-27T16:05:08.298Z",
        "group": 77,
        "end_date": "2007-01-14",
        "created": "2015-12-27T16:05:08.298Z",
        "role": "Substitute",
        "representative": 160,
        "link": "",
        "begin_date": "2004-07-21",
        "constituency": 1
    },
    "model": "representatives.mandate",
    "pk": 3304
},
{
    "fields": {
        "updated": "2015-12-27T16:05:08.302Z",
        "group": 20,
        "end_date": "2007-01-14",
        "created": "2015-12-27T16:05:08.302Z",
        "role": "Substitute",
        "representative": 160,
        "link": "",
        "begin_date": "2004-07-21",
        "constituency": 1
    },
    "model": "representatives.mandate",
    "pk": 3305
},
{
    "fields": {
        "updated": "2015-12-27T16:05:08.307Z",
        "group": 30,
        "end_date": "2004-07-19",
        "created": "2015-12-27T16:05:08.307Z",
        "role": "Member",
        "representative": 160,
        "link": "",
        "begin_date": "2002-01-17",
        "constituency": 1
    },
    "model": "representatives.mandate",
    "pk": 3306
},
{
    "fields": {
        "updated": "2015-12-27T16:05:08.313Z",
        "group": 3,
        "end_date": "2002-01-14",
        "created": "2015-12-27T16:05:08.313Z",
        "role": "Substitute",
        "representative": 160,
        "link": "",
        "begin_date": "2000-03-01",
        "constituency": 1
    },
    "model": "representatives.mandate",
    "pk": 3307
},
{
    "fields": {
        "updated": "2015-12-27T16:05:08.318Z",
        "group": 64,
        "end_date": "9999-12-31",
        "created": "2015-12-27T16:05:08.318Z",
        "role": "Member",
        "representative": 160,
        "link": "",
        "begin_date": "2014-07-14",
        "constituency": 1
    },
    "model": "representatives.mandate",
    "pk": 3308
},
{
    "fields": {
        "updated": "2015-12-27T16:05:08.322Z",
        "group": 97,
        "end_date": "9999-12-31",
        "created": "2015-12-27T16:05:08.322Z",
        "role": "Member",
        "representative": 160,
        "link": "",
        "begin_date": "2014-07-14",
        "constituency": 1
    },
    "model": "representatives.mandate",
    "pk": 3309
},
{
    "fields": {
        "updated": "2015-12-27T16:05:08.328Z",
        "group": 121,
        "end_date": "9999-12-31",
        "created": "2015-12-27T16:05:08.328Z",
        "role": "Substitute",
        "representative": 160,
        "link": "",
        "begin_date": "2014-07-14",
        "constituency": 1
    },
    "model": "representatives.mandate",
    "pk": 3310
},
{
    "fields": {
        "updated": "2015-12-27T16:05:08.332Z",
        "group": 86,
        "end_date": "2014-06-30",
        "created": "2015-12-27T16:05:08.332Z",
        "role": "Substitute",
        "representative": 160,
        "link": "",
        "begin_date": "2009-09-16",
        "constituency": 1
    },
    "model": "representatives.mandate",
    "pk": 3311
},
{
    "fields": {
        "updated": "2015-12-27T16:05:08.337Z",
        "group": 111,
        "end_date": "2009-07-13",
        "created": "2015-12-27T16:05:08.337Z",
        "role": "Member",
        "representative": 160,
        "link": "",
        "begin_date": "2004-09-15",
        "constituency": 1
    },
    "model": "representatives.mandate",
    "pk": 3312
},
{
    "fields": {
        "updated": "2015-12-27T16:05:08.342Z",
        "group": 79,
        "end_date": "2009-07-13",
        "created": "2015-12-27T16:05:08.342Z",
        "role": "Substitute",
        "representative": 160,
        "link": "",
        "begin_date": "2004-09-15",
        "constituency": 1
    },
    "model": "representatives.mandate",
    "pk": 3313
},
{
    "fields": {
        "updated": "2015-12-27T16:05:08.348Z",
        "group": 101,
        "end_date": "2009-07-13",
        "created": "2015-12-27T16:05:08.348Z",
        "role": "Substitute",
        "representative": 160,
        "link": "",
        "begin_date": "2004-09-15",
        "constituency": 1
    },
    "model": "representatives.mandate",
    "pk": 3314
},
{
    "fields": {
        "updated": "2015-12-27T16:05:08.352Z",
        "group": 150,
        "end_date": "2004-04-30",
        "created": "2015-12-27T16:05:08.352Z",
        "role": "Member",
        "representative": 160,
        "link": "",
        "begin_date": "2002-02-07",
        "constituency": 1
    },
    "model": "representatives.mandate",
    "pk": 3315
},
{
    "fields": {
        "updated": "2015-12-27T16:05:08.357Z",
        "group": 141,
        "end_date": "2004-04-30",
        "created": "2015-12-27T16:05:08.357Z",
        "role": "Substitute",
        "representative": 160,
        "link": "",
        "begin_date": "2002-02-07",
        "constituency": 1
    },
    "model": "representatives.mandate",
    "pk": 3316
},
{
    "fields": {
        "updated": "2015-12-27T16:05:08.363Z",
        "group": 150,
        "end_date": "2002-01-14",
        "created": "2015-12-27T16:05:08.363Z",
        "role": "Member",
        "representative": 160,
        "link": "",
        "begin_date": "2000-04-11",
        "constituency": 1
    },
    "model": "representatives.mandate",
    "pk": 3317
},
{
    "fields": {
        "updated": "2015-12-27T16:05:08.368Z",
        "group": 21,
        "end_date": "9999-12-31",
        "created": "2015-12-27T16:05:08.368Z",
        "role": "Member",
        "representative": 160,
        "link": "",
        "begin_date": "2014-07-01",
        "constituency": 1
    },
    "model": "representatives.mandate",
    "pk": 3318
},
{
    "fields": {
        "updated": "2015-12-27T16:05:08.373Z",
        "group": 21,
        "end_date": "2014-06-30",
        "created": "2015-12-27T16:05:08.373Z",
        "role": "Member",
        "representative": 160,
        "link": "",
        "begin_date": "2009-07-14",
        "constituency": 1
    },
    "model": "representatives.mandate",
    "pk": 3319
},
{
    "fields": {
        "updated": "2015-12-27T16:05:08.378Z",
        "group": 41,
        "end_date": "2009-07-13",
        "created": "2015-12-27T16:05:08.378Z",
        "role": "Member",
        "representative": 160,
        "link": "",
        "begin_date": "2004-07-20",
        "constituency": 1
    },
    "model": "representatives.mandate",
    "pk": 3320
},
{
    "fields": {
        "updated": "2015-12-27T16:05:08.383Z",
        "group": 67,
        "end_date": "2004-07-19",
        "created": "2015-12-27T16:05:08.383Z",
        "role": "Member",
        "representative": 160,
        "link": "",
        "begin_date": "2000-02-17",
        "constituency": 1
    },
    "model": "representatives.mandate",
    "pk": 3321
},
{
    "fields": {
        "updated": "2015-12-27T16:05:08.389Z",
        "group": 33,
        "end_date": "9999-12-31",
        "created": "2015-12-27T16:05:08.389Z",
        "role": "",
        "representative": 160,
        "link": "",
        "begin_date": "2014-07-01",
        "constituency": 21
    },
    "model": "representatives.mandate",
    "pk": 3322
},
{
    "fields": {
        "updated": "2015-12-27T16:05:08.395Z",
        "group": 33,
        "end_date": "2014-06-30",
        "created": "2015-12-27T16:05:08.395Z",
        "role": "",
        "representative": 160,
        "link": "",
        "begin_date": "2009-07-14",
        "constituency": 21
    },
    "model": "representatives.mandate",
    "pk": 3323
},
{
    "fields": {
        "updated": "2015-12-27T16:05:08.402Z",
        "group": 33,
        "end_date": "2009-07-13",
        "created": "2015-12-27T16:05:08.402Z",
        "role": "",
        "representative": 160,
        "link": "",
        "begin_date": "2004-07-20",
        "constituency": 21
    },
    "model": "representatives.mandate",
    "pk": 3324
},
{
    "fields": {
        "updated": "2015-12-27T16:05:08.408Z",
        "group": 33,
        "end_date": "2004-07-19",
        "created": "2015-12-27T16:05:08.408Z",
        "role": "",
        "representative": 160,
        "link": "",
        "begin_date": "2000-02-17",
        "constituency": 21
    },
    "model": "representatives.mandate",
    "pk": 3325
},
{
    "fields": {
        "updated": "2015-12-27T17:40:18.700Z",
        "reference": "2010/2935(RSP)",
        "title": "Resolution on the Anti-Counterfeiting Trade Agreement (ACTA)",
        "text": "",
        "created": "2015-12-27T17:40:18.700Z",
        "link": "http://www.europarl.europa.eu/oeil/popups/ficheprocedure.do?reference=2010/2935(RSP)"
    },
    "model": "representatives_votes.dossier",
    "pk": 28147
},
{
    "fields": {
        "updated": "2015-12-27T18:03:52.645Z",
        "total_for": 329,
        "description": "",
        "reference": "B7-0617/2010",
        "title": "RC-B7-0617/2010 - Accord commercial anti-contrefa\u00e7on (ACAC) - Consid\u00e9rant X",
        "dossier": 28147,
        "created": "2015-12-27T17:53:17.771Z",
        "kind": "Consid\u00e9rant X",
        "datetime": "2010-11-24T11:48:48Z",
        "total_against": 249,
        "total_abstain": 75
    },
    "model": "representatives_votes.proposal",
    "pk": 5744
},
{
    "fields": {
        "updated": "2015-12-27T18:03:53.335Z",
        "total_for": 315,
        "description": "",
        "reference": "B7-0617/2010",
        "title": "RC-B7-0617/2010 - Accord commercial anti-contrefa\u00e7on (ACAC) - Consid\u00e9rant CC",
        "dossier": 28147,
        "created": "2015-12-27T17:53:17.847Z",
        "kind": "Consid\u00e9rant CC",
        "datetime": "2010-11-24T11:49:01Z",
        "total_against": 312,
        "total_abstain": 14
    },
    "model": "representatives_votes.proposal",
    "pk": 5745
},
{
    "fields": {
        "updated": "2015-12-27T18:03:53.999Z",
        "total_for": 306,
        "description": "",
        "reference": "B7-0617/2010",
        "title": "RC-B7-0617/2010 - Accord commercial anti-contrefa\u00e7on (ACAC) - R\u00e9solution",
        "dossier": 28147,
        "created": "2015-12-27T17:53:17.920Z",
        "kind": "R\u00e9solution",
        "datetime": "2010-11-24T11:49:18Z",
        "total_against": 322,
        "total_abstain": 26
    },
    "model": "representatives_votes.proposal",
    "pk": 5746
},
{
    "fields": {
        "representative_name": "",
        "position": "for",
        "proposal": 5744,
        "representative": 160
    },
    "model": "representatives_votes.vote",
    "pk": 24758
},
{
    "fields": {
        "representative_name": "",
        "position": "against",
        "proposal": 5745,
        "representative": 160
    },
    "model": "representatives_votes.vote",
    "pk": 25246
},
{
    "fields": {
        "representative_name": "",
        "position": "against",
        "proposal": 5746,
        "representative": 160
    },
    "model": "representatives_votes.vote",
    "pk": 25535
},
{
    "fields": {
        "proposal": 5744,
        "title": "Stop acta !",
        "description": "",
        "weight": 4,
        "recommendation": "for"
    },
    "model": "representatives_recommendations.recommendation",
    "pk": 45
},
{
    "fields": {
        "proposal": 5745,
        "title": "Stop acta !",
        "description": "",
        "weight": 5,
        "recommendation": "for"
    },
    "model": "representatives_recommendations.recommendation",
    "pk": 46
},
{
    "fields": {
        "proposal": 5746,
        "title": "Stop acta !",
        "description": "",
        "weight": 6,
        "recommendation": "for"
    },
    "model": "representatives_recommendations.recommendation",
    "pk": 47
},
{
    "fields": {
        "name": "acta",
        "slug": "acta"
    },
    "model": "taggit.tag",
    "pk": 1
},
{
    "fields": {
        "name": "foo",
        "slug": "foo"
    },
    "model": "taggit.tag",
    "pk": 2
},
{
    "fields": {
        "name": "bar",
        "slug": "bar"
    },
    "model": "taggit.tag",
    "pk": 3
},
{
    "fields": {
        "model": "position",
        "app_label": "representatives_positions"
    },
    "model": "contenttypes.contenttype",
    "pk": 28
},
{
    "fields": {
        "tag": 1,
        "object_id": 1,
        "content_type": 28
    },
    "model": "taggit.taggeditem",
    "pk": 1
},
{
    "fields": {
        "tag": 2,
        "object_id": 1,
        "content_type": 28
    },
    "model": "taggit.taggeditem",
    "pk": 2
},
{
    "fields": {
        "tag": 1,
        "object_id": 3,
        "content_type": 28
    },
    "model": "taggit.taggeditem",
    "pk": 5
},
{
    "fields": {
        "tag": 1,
        "object_id": 2,
        "content_type": 28
    },
    "model": "taggit.taggeditem",
    "pk": 6
},
{
    "fields": {
        "tag": 3,
        "object_id": 2,
        "content_type": 28
    },
    "model": "taggit.taggeditem",
    "pk": 7
},
{
    "fields": {
        "representative": 160,
        "datetime": "2010-11-24",
        "text": "not-validated",
        "link": "http://example.com/not-validated",
        "published": false
    },
    "model": "representatives_positions.position",
    "pk": 1
},
{
    "fields": {
        "representative": 160,
        "datetime": "2010-11-24",
        "text": "first-validated",
        "link": "http://example.com/first-validated",
        "published": true
    },
    "model": "representatives_positions.position",
    "pk": 2
},
{
    "fields": {
        "representative": 160,
        "datetime": "2010-11-24",
        "text": "other-validated",
        "link": "http://example.com/second-validated",
        "published": true
    },
    "model": "representatives_positions.position",
    "pk": 3
}
]
