[
{
    "fields": {
        "code": "AF",
        "name": "Afghanistan"
    },
    "model": "representatives.country",
    "pk": 1031
},
{
    "fields": {
        "code": "AL",
        "name": "Albania"
    },
    "model": "representatives.country",
    "pk": 1032
},
{
    "fields": {
        "code": "DZ",
        "name": "Algeria"
    },
    "model": "representatives.country",
    "pk": 1033
},
{
    "fields": {
        "code": "AS",
        "name": "American Samoa"
    },
    "model": "representatives.country",
    "pk": 1034
},
{
    "fields": {
        "code": "AD",
        "name": "Andorra"
    },
    "model": "representatives.country",
    "pk": 1035
},
{
    "fields": {
        "code": "AO",
        "name": "Angola"
    },
    "model": "representatives.country",
    "pk": 1036
},
{
    "fields": {
        "code": "AI",
        "name": "Anguilla"
    },
    "model": "representatives.country",
    "pk": 1037
},
{
    "fields": {
        "code": "AG",
        "name": "Antigua and Barbuda"
    },
    "model": "representatives.country",
    "pk": 1038
},
{
    "fields": {
        "code": "AR",
        "name": "Argentina"
    },
    "model": "representatives.country",
    "pk": 1039
},
{
    "fields": {
        "code": "AM",
        "name": "Armenia"
    },
    "model": "representatives.country",
    "pk": 1040
},
{
    "fields": {
        "code": "AW",
        "name": "Aruba"
    },
    "model": "representatives.country",
    "pk": 1041
},
{
    "fields": {
        "code": "AU",
        "name": "Australia"
    },
    "model": "representatives.country",
    "pk": 1042
},
{
    "fields": {
        "code": "AT",
        "name": "Austria"
    },
    "model": "representatives.country",
    "pk": 1043
},
{
    "fields": {
        "code": "AZ",
        "name": "Azerbaijan"
    },
    "model": "representatives.country",
    "pk": 1044
},
{
    "fields": {
        "code": "BS",
        "name": "Bahamas"
    },
    "model": "representatives.country",
    "pk": 1045
},
{
    "fields": {
        "code": "BH",
        "name": "Bahrain"
    },
    "model": "representatives.country",
    "pk": 1046
},
{
    "fields": {
        "code": "BD",
        "name": "Bangladesh"
    },
    "model": "representatives.country",
    "pk": 1047
},
{
    "fields": {
        "code": "BB",
        "name": "Barbados"
    },
    "model": "representatives.country",
    "pk": 1048
},
{
    "fields": {
        "code": "BY",
        "name": "Belarus"
    },
    "model": "representatives.country",
    "pk": 1049
},
{
    "fields": {
        "code": "BE",
        "name": "Belgium"
    },
    "model": "representatives.country",
    "pk": 1050
},
{
    "fields": {
        "code": "BZ",
        "name": "Belize"
    },
    "model": "representatives.country",
    "pk": 1051
},
{
    "fields": {
        "code": "BJ",
        "name": "Benin"
    },
    "model": "representatives.country",
    "pk": 1052
},
{
    "fields": {
        "code": "BM",
        "name": "Bermuda"
    },
    "model": "representatives.country",
    "pk": 1053
},
{
    "fields": {
        "code": "BT",
        "name": "Bhutan"
    },
    "model": "representatives.country",
    "pk": 1054
},
{
    "fields": {
        "code": "BA",
        "name": "Bosnia and Herzegovina"
    },
    "model": "representatives.country",
    "pk": 1055
},
{
    "fields": {
        "code": "BW",
        "name": "Botswana"
    },
    "model": "representatives.country",
    "pk": 1056
},
{
    "fields": {
        "code": "BR",
        "name": "Brazil"
    },
    "model": "representatives.country",
    "pk": 1057
},
{
    "fields": {
        "code": "IO",
        "name": "British Indian Ocean Territory"
    },
    "model": "representatives.country",
    "pk": 1058
},
{
    "fields": {
        "code": "BG",
        "name": "Bulgaria"
    },
    "model": "representatives.country",
    "pk": 1059
},
{
    "fields": {
        "code": "BF",
        "name": "Burkina Faso"
    },
    "model": "representatives.country",
    "pk": 1060
},
{
    "fields": {
        "code": "BI",
        "name": "Burundi"
    },
    "model": "representatives.country",
    "pk": 1061
},
{
    "fields": {
        "code": "KH",
        "name": "Cambodia"
    },
    "model": "representatives.country",
    "pk": 1062
},
{
    "fields": {
        "code": "CM",
        "name": "Cameroon"
    },
    "model": "representatives.country",
    "pk": 1063
},
{
    "fields": {
        "code": "CA",
        "name": "Canada"
    },
    "model": "representatives.country",
    "pk": 1064
},
{
    "fields": {
        "code": "CV",
        "name": "Cape Verde"
    },
    "model": "representatives.country",
    "pk": 1065
},
{
    "fields": {
        "code": "KY",
        "name": "Cayman Islands"
    },
    "model": "representatives.country",
    "pk": 1066
},
{
    "fields": {
        "code": "CF",
        "name": "Central African Republic"
    },
    "model": "representatives.country",
    "pk": 1067
},
{
    "fields": {
        "code": "TD",
        "name": "Chad"
    },
    "model": "representatives.country",
    "pk": 1068
},
{
    "fields": {
        "code": "CL",
        "name": "Chile"
    },
    "model": "representatives.country",
    "pk": 1069
},
{
    "fields": {
        "code": "CN",
        "name": "China"
    },
    "model": "representatives.country",
    "pk": 1070
},
{
    "fields": {
        "code": "CX",
        "name": "Christmas Island"
    },
    "model": "representatives.country",
    "pk": 1071
},
{
    "fields": {
        "code": "CO",
        "name": "Colombia"
    },
    "model": "representatives.country",
    "pk": 1072
},
{
    "fields": {
        "code": "KM",
        "name": "Comoros"
    },
    "model": "representatives.country",
    "pk": 1073
},
{
    "fields": {
        "code": "CG",
        "name": "Congo"
    },
    "model": "representatives.country",
    "pk": 1074
},
{
    "fields": {
        "code": "CK",
        "name": "Cook Islands"
    },
    "model": "representatives.country",
    "pk": 1075
},
{
    "fields": {
        "code": "CR",
        "name": "Costa Rica"
    },
    "model": "representatives.country",
    "pk": 1076
},
{
    "fields": {
        "code": "HR",
        "name": "Croatia"
    },
    "model": "representatives.country",
    "pk": 1077
},
{
    "fields": {
        "code": "CU",
        "name": "Cuba"
    },
    "model": "representatives.country",
    "pk": 1078
},
{
    "fields": {
        "code": "CY",
        "name": "Cyprus"
    },
    "model": "representatives.country",
    "pk": 1079
},
{
    "fields": {
        "code": "CZ",
        "name": "Czech Republic"
    },
    "model": "representatives.country",
    "pk": 1080
},
{
    "fields": {
        "code": "DK",
        "name": "Denmark"
    },
    "model": "representatives.country",
    "pk": 1081
},
{
    "fields": {
        "code": "DJ",
        "name": "Djibouti"
    },
    "model": "representatives.country",
    "pk": 1082
},
{
    "fields": {
        "code": "DM",
        "name": "Dominica"
    },
    "model": "representatives.country",
    "pk": 1083
},
{
    "fields": {
        "code": "DO",
        "name": "Dominican Republic"
    },
    "model": "representatives.country",
    "pk": 1084
},
{
    "fields": {
        "code": "EC",
        "name": "Ecuador"
    },
    "model": "representatives.country",
    "pk": 1085
},
{
    "fields": {
        "code": "EG",
        "name": "Egypt"
    },
    "model": "representatives.country",
    "pk": 1086
},
{
    "fields": {
        "code": "SV",
        "name": "El Salvador"
    },
    "model": "representatives.country",
    "pk": 1087
},
{
    "fields": {
        "code": "GQ",
        "name": "Equatorial Guinea"
    },
    "model": "representatives.country",
    "pk": 1088
},
{
    "fields": {
        "code": "ER",
        "name": "Eritrea"
    },
    "model": "representatives.country",
    "pk": 1089
},
{
    "fields": {
        "code": "EE",
        "name": "Estonia"
    },
    "model": "representatives.country",
    "pk": 1090
},
{
    "fields": {
        "code": "ET",
        "name": "Ethiopia"
    },
    "model": "representatives.country",
    "pk": 1091
},
{
    "fields": {
        "code": "FO",
        "name": "Faroe Islands"
    },
    "model": "representatives.country",
    "pk": 1092
},
{
    "fields": {
        "code": "FJ",
        "name": "Fiji"
    },
    "model": "representatives.country",
    "pk": 1093
},
{
    "fields": {
        "code": "FI",
        "name": "Finland"
    },
    "model": "representatives.country",
    "pk": 1094
},
{
    "fields": {
        "code": "FR",
        "name": "France"
    },
    "model": "representatives.country",
    "pk": 1095
},
{
    "fields": {
        "code": "GF",
        "name": "French Guiana"
    },
    "model": "representatives.country",
    "pk": 1096
},
{
    "fields": {
        "code": "PF",
        "name": "French Polynesia"
    },
    "model": "representatives.country",
    "pk": 1097
},
{
    "fields": {
        "code": "GA",
        "name": "Gabon"
    },
    "model": "representatives.country",
    "pk": 1098
},
{
    "fields": {
        "code": "GM",
        "name": "Gambia"
    },
    "model": "representatives.country",
    "pk": 1099
},
{
    "fields": {
        "code": "GE",
        "name": "Georgia"
    },
    "model": "representatives.country",
    "pk": 1100
},
{
    "fields": {
        "code": "DE",
        "name": "Germany"
    },
    "model": "representatives.country",
    "pk": 1101
},
{
    "fields": {
        "code": "GH",
        "name": "Ghana"
    },
    "model": "representatives.country",
    "pk": 1102
},
{
    "fields": {
        "code": "GI",
        "name": "Gibraltar"
    },
    "model": "representatives.country",
    "pk": 1103
},
{
    "fields": {
        "code": "GR",
        "name": "Greece"
    },
    "model": "representatives.country",
    "pk": 1104
},
{
    "fields": {
        "code": "GL",
        "name": "Greenland"
    },
    "model": "representatives.country",
    "pk": 1105
},
{
    "fields": {
        "code": "GD",
        "name": "Grenada"
    },
    "model": "representatives.country",
    "pk": 1106
},
{
    "fields": {
        "code": "GP",
        "name": "Guadeloupe"
    },
    "model": "representatives.country",
    "pk": 1107
},
{
    "fields": {
        "code": "GU",
        "name": "Guam"
    },
    "model": "representatives.country",
    "pk": 1108
},
{
    "fields": {
        "code": "GT",
        "name": "Guatemala"
    },
    "model": "representatives.country",
    "pk": 1109
},
{
    "fields": {
        "code": "GN",
        "name": "Guinea"
    },
    "model": "representatives.country",
    "pk": 1110
},
{
    "fields": {
        "code": "GW",
        "name": "Guinea-Bissau"
    },
    "model": "representatives.country",
    "pk": 1111
},
{
    "fields": {
        "code": "GY",
        "name": "Guyana"
    },
    "model": "representatives.country",
    "pk": 1112
},
{
    "fields": {
        "code": "HT",
        "name": "Haiti"
    },
    "model": "representatives.country",
    "pk": 1113
},
{
    "fields": {
        "code": "HN",
        "name": "Honduras"
    },
    "model": "representatives.country",
    "pk": 1114
},
{
    "fields": {
        "code": "HU",
        "name": "Hungary"
    },
    "model": "representatives.country",
    "pk": 1115
},
{
    "fields": {
        "code": "IS",
        "name": "Iceland"
    },
    "model": "representatives.country",
    "pk": 1116
},
{
    "fields": {
        "code": "IN",
        "name": "India"
    },
    "model": "representatives.country",
    "pk": 1117
},
{
    "fields": {
        "code": "ID",
        "name": "Indonesia"
    },
    "model": "representatives.country",
    "pk": 1118
},
{
    "fields": {
        "code": "IQ",
        "name": "Iraq"
    },
    "model": "representatives.country",
    "pk": 1119
},
{
    "fields": {
        "code": "IE",
        "name": "Ireland"
    },
    "model": "representatives.country",
    "pk": 1120
},
{
    "fields": {
        "code": "IL",
        "name": "Israel"
    },
    "model": "representatives.country",
    "pk": 1121
},
{
    "fields": {
        "code": "IT",
        "name": "Italy"
    },
    "model": "representatives.country",
    "pk": 1122
},
{
    "fields": {
        "code": "JM",
        "name": "Jamaica"
    },
    "model": "representatives.country",
    "pk": 1123
},
{
    "fields": {
        "code": "JP",
        "name": "Japan"
    },
    "model": "representatives.country",
    "pk": 1124
},
{
    "fields": {
        "code": "JO",
        "name": "Jordan"
    },
    "model": "representatives.country",
    "pk": 1125
},
{
    "fields": {
        "code": "KZ",
        "name": "Kazakhstan"
    },
    "model": "representatives.country",
    "pk": 1126
},
{
    "fields": {
        "code": "KE",
        "name": "Kenya"
    },
    "model": "representatives.country",
    "pk": 1127
},
{
    "fields": {
        "code": "KI",
        "name": "Kiribati"
    },
    "model": "representatives.country",
    "pk": 1128
},
{
    "fields": {
        "code": "KW",
        "name": "Kuwait"
    },
    "model": "representatives.country",
    "pk": 1129
},
{
    "fields": {
        "code": "KG",
        "name": "Kyrgyzstan"
    },
    "model": "representatives.country",
    "pk": 1130
},
{
    "fields": {
        "code": "LV",
        "name": "Latvia"
    },
    "model": "representatives.country",
    "pk": 1131
},
{
    "fields": {
        "code": "LB",
        "name": "Lebanon"
    },
    "model": "representatives.country",
    "pk": 1132
},
{
    "fields": {
        "code": "LS",
        "name": "Lesotho"
    },
    "model": "representatives.country",
    "pk": 1133
},
{
    "fields": {
        "code": "LR",
        "name": "Liberia"
    },
    "model": "representatives.country",
    "pk": 1134
},
{
    "fields": {
        "code": "LI",
        "name": "Liechtenstein"
    },
    "model": "representatives.country",
    "pk": 1135
},
{
    "fields": {
        "code": "LT",
        "name": "Lithuania"
    },
    "model": "representatives.country",
    "pk": 1136
},
{
    "fields": {
        "code": "LU",
        "name": "Luxembourg"
    },
    "model": "representatives.country",
    "pk": 1137
},
{
    "fields": {
        "code": "MG",
        "name": "Madagascar"
    },
    "model": "representatives.country",
    "pk": 1138
},
{
    "fields": {
        "code": "MW",
        "name": "Malawi"
    },
    "model": "representatives.country",
    "pk": 1139
},
{
    "fields": {
        "code": "MY",
        "name": "Malaysia"
    },
    "model": "representatives.country",
    "pk": 1140
},
{
    "fields": {
        "code": "MV",
        "name": "Maldives"
    },
    "model": "representatives.country",
    "pk": 1141
},
{
    "fields": {
        "code": "ML",
        "name": "Mali"
    },
    "model": "representatives.country",
    "pk": 1142
},
{
    "fields": {
        "code": "MT",
        "name": "Malta"
    },
    "model": "representatives.country",
    "pk": 1143
},
{
    "fields": {
        "code": "MH",
        "name": "Marshall Islands"
    },
    "model": "representatives.country",
    "pk": 1144
},
{
    "fields": {
        "code": "MQ",
        "name": "Martinique"
    },
    "model": "representatives.country",
    "pk": 1145
},
{
    "fields": {
        "code": "MR",
        "name": "Mauritania"
    },
    "model": "representatives.country",
    "pk": 1146
},
{
    "fields": {
        "code": "MU",
        "name": "Mauritius"
    },
    "model": "representatives.country",
    "pk": 1147
},
{
    "fields": {
        "code": "YT",
        "name": "Mayotte"
    },
    "model": "representatives.country",
    "pk": 1148
},
{
    "fields": {
        "code": "MX",
        "name": "Mexico"
    },
    "model": "representatives.country",
    "pk": 1149
},
{
    "fields": {
        "code": "MC",
        "name": "Monaco"
    },
    "model": "representatives.country",
    "pk": 1150
},
{
    "fields": {
        "code": "MN",
        "name": "Mongolia"
    },
    "model": "representatives.country",
    "pk": 1151
},
{
    "fields": {
        "code": "ME",
        "name": "Montenegro"
    },
    "model": "representatives.country",
    "pk": 1152
},
{
    "fields": {
        "code": "MS",
        "name": "Montserrat"
    },
    "model": "representatives.country",
    "pk": 1153
},
{
    "fields": {
        "code": "MA",
        "name": "Morocco"
    },
    "model": "representatives.country",
    "pk": 1154
},
{
    "fields": {
        "code": "MM",
        "name": "Myanmar"
    },
    "model": "representatives.country",
    "pk": 1155
},
{
    "fields": {
        "code": "NA",
        "name": "Namibia"
    },
    "model": "representatives.country",
    "pk": 1156
},
{
    "fields": {
        "code": "NR",
        "name": "Nauru"
    },
    "model": "representatives.country",
    "pk": 1157
},
{
    "fields": {
        "code": "NP",
        "name": "Nepal"
    },
    "model": "representatives.country",
    "pk": 1158
},
{
    "fields": {
        "code": "NL",
        "name": "Netherlands"
    },
    "model": "representatives.country",
    "pk": 1159
},
{
    "fields": {
        "code": "AN",
        "name": "Netherlands Antilles"
    },
    "model": "representatives.country",
    "pk": 1160
},
{
    "fields": {
        "code": "NC",
        "name": "New Caledonia"
    },
    "model": "representatives.country",
    "pk": 1161
},
{
    "fields": {
        "code": "NZ",
        "name": "New Zealand"
    },
    "model": "representatives.country",
    "pk": 1162
},
{
    "fields": {
        "code": "NI",
        "name": "Nicaragua"
    },
    "model": "representatives.country",
    "pk": 1163
},
{
    "fields": {
        "code": "NE",
        "name": "Niger"
    },
    "model": "representatives.country",
    "pk": 1164
},
{
    "fields": {
        "code": "NG",
        "name": "Nigeria"
    },
    "model": "representatives.country",
    "pk": 1165
},
{
    "fields": {
        "code": "NU",
        "name": "Niue"
    },
    "model": "representatives.country",
    "pk": 1166
},
{
    "fields": {
        "code": "NF",
        "name": "Norfolk Island"
    },
    "model": "representatives.country",
    "pk": 1167
},
{
    "fields": {
        "code": "MP",
        "name": "Northern Mariana Islands"
    },
    "model": "representatives.country",
    "pk": 1168
},
{
    "fields": {
        "code": "NO",
        "name": "Norway"
    },
    "model": "representatives.country",
    "pk": 1169
},
{
    "fields": {
        "code": "OM",
        "name": "Oman"
    },
    "model": "representatives.country",
    "pk": 1170
},
{
    "fields": {
        "code": "PK",
        "name": "Pakistan"
    },
    "model": "representatives.country",
    "pk": 1171
},
{
    "fields": {
        "code": "PW",
        "name": "Palau"
    },
    "model": "representatives.country",
    "pk": 1172
},
{
    "fields": {
        "code": "PA",
        "name": "Panama"
    },
    "model": "representatives.country",
    "pk": 1173
},
{
    "fields": {
        "code": "PG",
        "name": "Papua New Guinea"
    },
    "model": "representatives.country",
    "pk": 1174
},
{
    "fields": {
        "code": "PY",
        "name": "Paraguay"
    },
    "model": "representatives.country",
    "pk": 1175
},
{
    "fields": {
        "code": "PE",
        "name": "Peru"
    },
    "model": "representatives.country",
    "pk": 1176
},
{
    "fields": {
        "code": "PH",
        "name": "Philippines"
    },
    "model": "representatives.country",
    "pk": 1177
},
{
    "fields": {
        "code": "PL",
        "name": "Poland"
    },
    "model": "representatives.country",
    "pk": 1178
},
{
    "fields": {
        "code": "PT",
        "name": "Portugal"
    },
    "model": "representatives.country",
    "pk": 1179
},
{
    "fields": {
        "code": "PR",
        "name": "Puerto Rico"
    },
    "model": "representatives.country",
    "pk": 1180
},
{
    "fields": {
        "code": "QA",
        "name": "Qatar"
    },
    "model": "representatives.country",
    "pk": 1181
},
{
    "fields": {
        "code": "RO",
        "name": "Romania"
    },
    "model": "representatives.country",
    "pk": 1182
},
{
    "fields": {
        "code": "RW",
        "name": "Rwanda"
    },
    "model": "representatives.country",
    "pk": 1183
},
{
    "fields": {
        "code": "WS",
        "name": "Samoa"
    },
    "model": "representatives.country",
    "pk": 1184
},
{
    "fields": {
        "code": "SM",
        "name": "San Marino"
    },
    "model": "representatives.country",
    "pk": 1185
},
{
    "fields": {
        "code": "SA",
        "name": "Saudi Arabia"
    },
    "model": "representatives.country",
    "pk": 1186
},
{
    "fields": {
        "code": "SN",
        "name": "Senegal"
    },
    "model": "representatives.country",
    "pk": 1187
},
{
    "fields": {
        "code": "RS",
        "name": "Serbia"
    },
    "model": "representatives.country",
    "pk": 1188
},
{
    "fields": {
        "code": "SC",
        "name": "Seychelles"
    },
    "model": "representatives.country",
    "pk": 1189
},
{
    "fields": {
        "code": "SL",
        "name": "Sierra Leone"
    },
    "model": "representatives.country",
    "pk": 1190
},
{
    "fields": {
        "code": "SG",
        "name": "Singapore"
    },
    "model": "representatives.country",
    "pk": 1191
},
{
    "fields": {
        "code": "SK",
        "name": "Slovakia"
    },
    "model": "representatives.country",
    "pk": 1192
},
{
    "fields": {
        "code": "SI",
        "name": "Slovenia"
    },
    "model": "representatives.country",
    "pk": 1193
},
{
    "fields": {
        "code": "SB",
        "name": "Solomon Islands"
    },
    "model": "representatives.country",
    "pk": 1194
},
{
    "fields": {
        "code": "ZA",
        "name": "South Africa"
    },
    "model": "representatives.country",
    "pk": 1195
},
{
    "fields": {
        "code": "GS",
        "name": "South Georgia and the South Sandwich Islands"
    },
    "model": "representatives.country",
    "pk": 1196
},
{
    "fields": {
        "code": "ES",
        "name": "Spain"
    },
    "model": "representatives.country",
    "pk": 1197
},
{
    "fields": {
        "code": "LK",
        "name": "Sri Lanka"
    },
    "model": "representatives.country",
    "pk": 1198
},
{
    "fields": {
        "code": "SD",
        "name": "Sudan"
    },
    "model": "representatives.country",
    "pk": 1199
},
{
    "fields": {
        "code": "SR",
        "name": "Suriname"
    },
    "model": "representatives.country",
    "pk": 1200
},
{
    "fields": {
        "code": "SZ",
        "name": "Swaziland"
    },
    "model": "representatives.country",
    "pk": 1201
},
{
    "fields": {
        "code": "SE",
        "name": "Sweden"
    },
    "model": "representatives.country",
    "pk": 1202
},
{
    "fields": {
        "code": "CH",
        "name": "Switzerland"
    },
    "model": "representatives.country",
    "pk": 1203
},
{
    "fields": {
        "code": "TJ",
        "name": "Tajikistan"
    },
    "model": "representatives.country",
    "pk": 1204
},
{
    "fields": {
        "code": "TH",
        "name": "Thailand"
    },
    "model": "representatives.country",
    "pk": 1205
},
{
    "fields": {
        "code": "TG",
        "name": "Togo"
    },
    "model": "representatives.country",
    "pk": 1206
},
{
    "fields": {
        "code": "TK",
        "name": "Tokelau"
    },
    "model": "representatives.country",
    "pk": 1207
},
{
    "fields": {
        "code": "TO",
        "name": "Tonga"
    },
    "model": "representatives.country",
    "pk": 1208
},
{
    "fields": {
        "code": "TT",
        "name": "Trinidad and Tobago"
    },
    "model": "representatives.country",
    "pk": 1209
},
{
    "fields": {
        "code": "TN",
        "name": "Tunisia"
    },
    "model": "representatives.country",
    "pk": 1210
},
{
    "fields": {
        "code": "TR",
        "name": "Turkey"
    },
    "model": "representatives.country",
    "pk": 1211
},
{
    "fields": {
        "code": "TM",
        "name": "Turkmenistan"
    },
    "model": "representatives.country",
    "pk": 1212
},
{
    "fields": {
        "code": "TC",
        "name": "Turks and Caicos Islands"
    },
    "model": "representatives.country",
    "pk": 1213
},
{
    "fields": {
        "code": "TV",
        "name": "Tuvalu"
    },
    "model": "representatives.country",
    "pk": 1214
},
{
    "fields": {
        "code": "UG",
        "name": "Uganda"
    },
    "model": "representatives.country",
    "pk": 1215
},
{
    "fields": {
        "code": "UA",
        "name": "Ukraine"
    },
    "model": "representatives.country",
    "pk": 1216
},
{
    "fields": {
        "code": "AE",
        "name": "United Arab Emirates"
    },
    "model": "representatives.country",
    "pk": 1217
},
{
    "fields": {
        "code": "GB",
        "name": "United Kingdom"
    },
    "model": "representatives.country",
    "pk": 1218
},
{
    "fields": {
        "code": "US",
        "name": "United States"
    },
    "model": "representatives.country",
    "pk": 1219
},
{
    "fields": {
        "code": "UY",
        "name": "Uruguay"
    },
    "model": "representatives.country",
    "pk": 1220
},
{
    "fields": {
        "code": "UZ",
        "name": "Uzbekistan"
    },
    "model": "representatives.country",
    "pk": 1221
},
{
    "fields": {
        "code": "VU",
        "name": "Vanuatu"
    },
    "model": "representatives.country",
    "pk": 1222
},
{
    "fields": {
        "code": "WF",
        "name": "Wallis and Futuna"
    },
    "model": "representatives.country",
    "pk": 1223
},
{
    "fields": {
        "code": "YE",
        "name": "Yemen"
    },
    "model": "representatives.country",
    "pk": 1224
},
{
    "fields": {
        "code": "ZM",
        "name": "Zambia"
    },
    "model": "representatives.country",
    "pk": 1225
},
{
    "fields": {
        "code": "ZW",
        "name": "Zimbabwe"
    },
    "model": "representatives.country",
    "pk": 1226
},
{
    "fields": {
        "code": "AX",
        "name": "\u00c5land Islands"
    },
    "model": "representatives.country",
    "pk": 1234
},
{
    "fields": {
        "code": "AQ",
        "name": "Antarctica"
    },
    "model": "representatives.country",
    "pk": 1235
},
{
    "fields": {
        "code": "BO",
        "name": "Bolivia, Plurinational State of"
    },
    "model": "representatives.country",
    "pk": 1236
},
{
    "fields": {
        "code": "BN",
        "name": "Brunei Darussalam"
    },
    "model": "representatives.country",
    "pk": 1238
},
{
    "fields": {
        "code": "CC",
        "name": "Cocos (Keeling) Islands"
    },
    "model": "representatives.country",
    "pk": 1239
},
{
    "fields": {
        "code": "CD",
        "name": "Congo, The Democratic Republic of the"
    },
    "model": "representatives.country",
    "pk": 1240
},
{
    "fields": {
        "code": "CI",
        "name": "C\u00f4te d'Ivoire"
    },
    "model": "representatives.country",
    "pk": 1241
},
{
    "fields": {
        "code": "FK",
        "name": "Falkland Islands (Malvinas)"
    },
    "model": "representatives.country",
    "pk": 1242
},
{
    "fields": {
        "code": "GG",
        "name": "Guernsey"
    },
    "model": "representatives.country",
    "pk": 1244
},
{
    "fields": {
        "code": "VA",
        "name": "Holy See (Vatican City State)"
    },
    "model": "representatives.country",
    "pk": 1246
},
{
    "fields": {
        "code": "HK",
        "name": "Hong Kong"
    },
    "model": "representatives.country",
    "pk": 1247
},
{
    "fields": {
        "code": "IR",
        "name": "Iran, Islamic Republic of"
    },
    "model": "representatives.country",
    "pk": 1248
},
{
    "fields": {
        "code": "IM",
        "name": "Isle of Man"
    },
    "model": "representatives.country",
    "pk": 1249
},
{
    "fields": {
        "code": "JE",
        "name": "Jersey"
    },
    "model": "representatives.country",
    "pk": 1250
},
{
    "fields": {
        "code": "KP",
        "name": "Korea, Democratic People's Republic of"
    },
    "model": "representatives.country",
    "pk": 1251
},
{
    "fields": {
        "code": "KR",
        "name": "Korea, Republic of"
    },
    "model": "representatives.country",
    "pk": 1252
},
{
    "fields": {
        "code": "LA",
        "name": "Lao People's Democratic Republic"
    },
    "model": "representatives.country",
    "pk": 1253
},
{
    "fields": {
        "code": "LY",
        "name": "Libyan Arab Jamahiriya"
    },
    "model": "representatives.country",
    "pk": 1254
},
{
    "fields": {
        "code": "MO",
        "name": "Macao"
    },
    "model": "representatives.country",
    "pk": 1255
},
{
    "fields": {
        "code": "MK",
        "name": "Macedonia, The Former Yugoslav Republic of"
    },
    "model": "representatives.country",
    "pk": 1256
},
{
    "fields": {
        "code": "FM",
        "name": "Micronesia, Federated States of"
    },
    "model": "representatives.country",
    "pk": 1257
},
{
    "fields": {
        "code": "MD",
        "name": "Moldova, Republic of"
    },
    "model": "representatives.country",
    "pk": 1258
},
{
    "fields": {
        "code": "MZ",
        "name": "Mozambique"
    },
    "model": "representatives.country",
    "pk": 1259
},
{
    "fields": {
        "code": "PS",
        "name": "Palestinian Territory, Occupied"
    },
    "model": "representatives.country",
    "pk": 1260
},
{
    "fields": {
        "code": "PN",
        "name": "Pitcairn"
    },
    "model": "representatives.country",
    "pk": 1261
},
{
    "fields": {
        "code": "RE",
        "name": "R\u00e9union"
    },
    "model": "representatives.country",
    "pk": 1262
},
{
    "fields": {
        "code": "RU",
        "name": "Russia"
    },
    "model": "representatives.country",
    "pk": 1263
},
{
    "fields": {
        "code": "BL",
        "name": "Saint Barth\u00e9lemy"
    },
    "model": "representatives.country",
    "pk": 1264
},
{
    "fields": {
        "code": "SH",
        "name": "Saint Helena, Ascension and Tristan Da Cunha"
    },
    "model": "representatives.country",
    "pk": 1265
},
{
    "fields": {
        "code": "KN",
        "name": "Saint Kitts and Nevis"
    },
    "model": "representatives.country",
    "pk": 1266
},
{
    "fields": {
        "code": "LC",
        "name": "Saint Lucia"
    },
    "model": "representatives.country",
    "pk": 1267
},
{
    "fields": {
        "code": "MF",
        "name": "Saint Martin"
    },
    "model": "representatives.country",
    "pk": 1268
},
{
    "fields": {
        "code": "PM",
        "name": "Saint Pierre and Miquelon"
    },
    "model": "representatives.country",
    "pk": 1269
},
{
    "fields": {
        "code": "VC",
        "name": "Saint Vincent and the Grenadines"
    },
    "model": "representatives.country",
    "pk": 1270
},
{
    "fields": {
        "code": "ST",
        "name": "Sao Tome and Principe"
    },
    "model": "representatives.country",
    "pk": 1271
},
{
    "fields": {
        "code": "SO",
        "name": "Somalia"
    },
    "model": "representatives.country",
    "pk": 1272
},
{
    "fields": {
        "code": "SJ",
        "name": "Svalbard and Jan Mayen"
    },
    "model": "representatives.country",
    "pk": 1273
},
{
    "fields": {
        "code": "SY",
        "name": "Syrian Arab Republic"
    },
    "model": "representatives.country",
    "pk": 1274
},
{
    "fields": {
        "code": "TW",
        "name": "Taiwan, Province of China"
    },
    "model": "representatives.country",
    "pk": 1275
},
{
    "fields": {
        "code": "TZ",
        "name": "Tanzania, United Republic of"
    },
    "model": "representatives.country",
    "pk": 1276
},
{
    "fields": {
        "code": "TL",
        "name": "Timor-Leste"
    },
    "model": "representatives.country",
    "pk": 1277
},
{
    "fields": {
        "code": "VE",
        "name": "Venezuela, Bolivarian Republic of"
    },
    "model": "representatives.country",
    "pk": 1279
},
{
    "fields": {
        "code": "VN",
        "name": "Viet Nam"
    },
    "model": "representatives.country",
    "pk": 1280
},
{
    "fields": {
        "code": "VG",
        "name": "Virgin Islands, British"
    },
    "model": "representatives.country",
    "pk": 1281
},
{
    "fields": {
        "code": "VI",
        "name": "Virgin Islands, U.S."
    },
    "model": "representatives.country",
    "pk": 1282
},
{
    "fields": {
        "updated": "2015-12-13T02:07:23.995",
        "last_name": "PIRKER",
        "photo": "http://www.europarl.europa.eu/mepphoto/2307.jpg",
        "created": "2015-12-13T02:07:23.995",
        "gender": 2,
        "remote_id": "2307",
        "first_name": "Hubert",
        "cv": "Transport and security spokesman, \u00d6VP Delegation, European Parliament;\nsecurity spokesman, \u00d6VP Delegation, European Parliament (2006-2009); security spokesman (coordinator), EPP Group (1999-2004); Deputy Head of \u00d6VP Delegation, European Parliament (1996-2004);",
        "active": false,
        "birth_place": "Gries",
        "full_name": "Hubert PIRKER",
        "fingerprint": "2a3c90346d40e9c540050534d832ceb3e0d25a49",
        "birth_date": "1948-10-03",
        "slug": "hubert-pirker"
    },
    "model": "representatives.representative",
    "pk": 1
},
{
    "fields": {
        "updated": "2015-12-13T02:07:24.361",
        "last_name": "LUDVIGSSON",
        "photo": "http://www.europarl.europa.eu/mepphoto/96673.jpg",
        "created": "2015-12-13T02:07:24.361",
        "gender": 2,
        "remote_id": "96673",
        "first_name": "Olle",
        "cv": "",
        "active": true,
        "birth_place": "H\u00e4ls\u00f6",
        "full_name": "Olle LUDVIGSSON",
        "fingerprint": "314d0f4c25af31bfa2a6b286838367994b902615",
        "birth_date": "1948-10-28",
        "slug": "olle-ludvigsson"
    },
    "model": "representatives.representative",
    "pk": 2
},
{
    "fields": {
        "email": "olle.ludvigsson@europarl.europa.eu",
        "updated": "2015-12-13T02:07:24.404",
        "representative": 2,
        "kind": "official",
        "created": "2015-12-13T02:07:24.404"
    },
    "model": "representatives.email",
    "pk": 1
},
{
    "fields": {
        "url": "http://www.sap.se/olle",
        "updated": "2015-12-13T02:07:24.406",
        "representative": 2,
        "kind": "",
        "created": "2015-12-13T02:07:24.406"
    },
    "model": "representatives.website",
    "pk": 1
},
{
    "fields": {
        "url": "http://twitter.com/olleludvigsson",
        "updated": "2015-12-13T02:07:24.407",
        "representative": 2,
        "kind": "twitter",
        "created": "2015-12-13T02:07:24.407"
    },
    "model": "representatives.website",
    "pk": 2
},
{
    "fields": {
        "url": "https://www.facebook.com/olle.ludvigsson",
        "updated": "2015-12-13T02:07:24.408",
        "representative": 2,
        "kind": "facebook",
        "created": "2015-12-13T02:07:24.408"
    },
    "model": "representatives.website",
    "pk": 3
},
{
    "fields": {
        "city": "Brussels",
        "updated": "2015-12-13T02:07:24.399",
        "name": "Brussels European Parliament",
        "created": "2015-12-13T02:07:24.399",
        "country": 1050,
        "floor": "14G",
        "number": "60",
        "street": "rue Wiertz / Wiertzstraat",
        "office_number": "257",
        "representative": 2,
        "location": "",
        "kind": "official",
        "postcode": "1047"
    },
    "model": "representatives.address",
    "pk": 1
},
{
    "fields": {
        "city": "Strasbourg",
        "updated": "2015-12-13T02:07:24.402",
        "name": "Strasbourg European Parliament",
        "created": "2015-12-13T02:07:24.402",
        "country": 1095,
        "floor": "T07",
        "number": "1",
        "street": "Av. du Pr\u00e9sident Robert Schuman - CS 91024",
        "office_number": "070",
        "representative": 2,
        "location": "",
        "kind": "official",
        "postcode": "67070"
    },
    "model": "representatives.address",
    "pk": 2
},
{
    "fields": {
        "updated": "2015-12-13T02:07:24.400",
        "created": "2015-12-13T02:07:24.400",
        "number": "+322 28 45442",
        "representative": 2,
        "address": 1,
        "kind": "office phone"
    },
    "model": "representatives.phone",
    "pk": 1
},
{
    "fields": {
        "updated": "2015-12-13T02:07:24.403",
        "created": "2015-12-13T02:07:24.403",
        "number": "+333 88 1 75442",
        "representative": 2,
        "address": 2,
        "kind": "office phone"
    },
    "model": "representatives.phone",
    "pk": 2
},
{
    "fields": {
        "updated": "2015-12-13T02:07:23.997",
        "name": "Committee on Employment and Social Affairs",
        "created": "2015-12-13T02:07:23.996",
        "kind": "committee",
        "abbreviation": "EMPL",
        "fingerprint": "7f0e6d2c3342dde2c6077e127a418a19e0e891bb"
    },
    "model": "representatives.group",
    "pk": 1
},
{
    "fields": {
        "updated": "2015-12-13T02:07:24.002",
        "name": "Delegation for relations with the countries of Southeast Asia and the Association of Southeast Asian Nations (ASEAN)",
        "created": "2015-12-13T02:07:24.002",
        "kind": "delegation",
        "abbreviation": "",
        "fingerprint": "23bb5f3e808b2ea6a02ddbe01705714ecfe7a82a"
    },
    "model": "representatives.group",
    "pk": 2
},
{
    "fields": {
        "updated": "2015-12-13T02:07:24.006",
        "name": "Delegation for relations with the Member States of ASEAN, South-east Asia and the Republic of Korea",
        "created": "2015-12-13T02:07:24.005",
        "kind": "delegation",
        "abbreviation": "",
        "fingerprint": "3d0bc2c9506b90bb22e02e3866c1d14c9be1867e"
    },
    "model": "representatives.group",
    "pk": 3
},
{
    "fields": {
        "updated": "2015-12-13T02:07:24.009",
        "name": "Group of the European People's Party (Christian Democrats) and European Democrats",
        "created": "2015-12-13T02:07:24.009",
        "kind": "group",
        "abbreviation": "PPE-DE",
        "fingerprint": "cab4a9a406aa114716967e6fd6e698dfd2421794"
    },
    "model": "representatives.group",
    "pk": 4
},
{
    "fields": {
        "updated": "2015-12-13T02:07:24.013",
        "name": "Group of the European People's Party (Christian-Democratic Group)",
        "created": "2015-12-13T02:07:24.013",
        "kind": "group",
        "abbreviation": "EPP",
        "fingerprint": "669373eca233e4101a0af25debda58fdfd59741f"
    },
    "model": "representatives.group",
    "pk": 5
},
{
    "fields": {
        "updated": "2015-12-13T02:07:24.017",
        "name": "Austria",
        "created": "2015-12-13T02:07:24.017",
        "kind": "country",
        "abbreviation": "AT",
        "fingerprint": "7b37fb29f750421d82ee36539c2cb5bca9cef938"
    },
    "model": "representatives.group",
    "pk": 6
},
{
    "fields": {
        "updated": "2015-12-13T02:07:24.024",
        "name": "Conference of Delegation Chairs",
        "created": "2015-12-13T02:07:24.024",
        "kind": "organization",
        "abbreviation": "",
        "fingerprint": "eb99949bb40fd2e906d738eef276a912c5412f67"
    },
    "model": "representatives.group",
    "pk": 7
},
{
    "fields": {
        "updated": "2015-12-13T02:07:24.362",
        "name": "Committee on Economic and Monetary Affairs",
        "created": "2015-12-13T02:07:24.362",
        "kind": "committee",
        "abbreviation": "ECON",
        "fingerprint": "2da973401cd76bb56b36f3a9162cda13d2f2d8f3"
    },
    "model": "representatives.group",
    "pk": 8
},
{
    "fields": {
        "updated": "2015-12-13T02:07:24.366",
        "name": "Committee on Industry, Research and Energy",
        "created": "2015-12-13T02:07:24.366",
        "kind": "committee",
        "abbreviation": "ITRE",
        "fingerprint": "17ff1a9fe036e400612c9153c1647a8258c34d63"
    },
    "model": "representatives.group",
    "pk": 9
},
{
    "fields": {
        "updated": "2015-12-13T02:07:24.372",
        "name": "Delegation to the EU-Serbia Stabilisation and Association Parliamentary Committee",
        "created": "2015-12-13T02:07:24.372",
        "kind": "delegation",
        "abbreviation": "",
        "fingerprint": "a24b4e184cf25f0e300c07a1402b65243f5ba93d"
    },
    "model": "representatives.group",
    "pk": 10
},
{
    "fields": {
        "updated": "2015-12-13T02:07:24.375",
        "name": "Delegation for relations with Bosnia and Herzegovina, and Kosovo",
        "created": "2015-12-13T02:07:24.375",
        "kind": "delegation",
        "abbreviation": "",
        "fingerprint": "3d2d9370cc501b1208a4692baf69deeab1e65d0a"
    },
    "model": "representatives.group",
    "pk": 11
},
{
    "fields": {
        "updated": "2015-12-13T02:07:24.379",
        "name": "Delegation for relations with Australia and New Zealand",
        "created": "2015-12-13T02:07:24.379",
        "kind": "delegation",
        "abbreviation": "",
        "fingerprint": "1e5d79317501c2fdf7f36846ad1d5491a244a103"
    },
    "model": "representatives.group",
    "pk": 12
},
{
    "fields": {
        "updated": "2015-12-13T02:07:24.383",
        "name": "Group of the Progressive Alliance of Socialists and Democrats in the European Parliament",
        "created": "2015-12-13T02:07:24.383",
        "kind": "group",
        "abbreviation": "SD",
        "fingerprint": "729890eba3ce20f90808b32110871d1fe41b53b6"
    },
    "model": "representatives.group",
    "pk": 13
},
{
    "fields": {
        "updated": "2015-12-13T02:07:24.389",
        "name": "Sweden",
        "created": "2015-12-13T02:07:24.389",
        "kind": "country",
        "abbreviation": "SE",
        "fingerprint": "ea4cacc64af470d01e5b4da150b8b9d3a9dc4bfe"
    },
    "model": "representatives.group",
    "pk": 14
},
{
    "fields": {
        "updated": "2015-12-13T02:07:23.998",
        "fingerprint": "bc0c3668435accfa5da4479c80478fe68d15ddb1",
        "name": "European Parliament",
        "created": "2015-12-13T02:07:23.998"
    },
    "model": "representatives.constituency",
    "pk": 1
},
{
    "fields": {
        "updated": "2015-12-13T02:07:24.018",
        "fingerprint": "74e9c77e0664716d098cb1194927b86f2aa55f7e",
        "name": "\u00d6sterreichische Volkspartei",
        "created": "2015-12-13T02:07:24.018"
    },
    "model": "representatives.constituency",
    "pk": 2
},
{
    "fields": {
        "updated": "2015-12-13T02:07:24.390",
        "fingerprint": "a8fa2ff595aedee63954c3b5ad6e1dcd5dfac910",
        "name": "Arbetarepartiet- Socialdemokraterna",
        "created": "2015-12-13T02:07:24.390"
    },
    "model": "representatives.constituency",
    "pk": 3
},
{
    "fields": {
        "updated": "2015-12-13T02:07:24.001",
        "group": 1,
        "end_date": "1999-07-19",
        "created": "2015-12-13T02:07:24.001",
        "role": "Substitute",
        "representative": 1,
        "fingerprint": "9d2cdb45658e7b535e4b39de233b8e2f747bc1d1",
        "link": "",
        "begin_date": "1997-01-16",
        "constituency": 1
    },
    "model": "representatives.mandate",
    "pk": 1
},
{
    "fields": {
        "updated": "2015-12-13T02:07:24.005",
        "group": 2,
        "end_date": "2014-06-30",
        "created": "2015-12-13T02:07:24.005",
        "role": "Member",
        "representative": 1,
        "fingerprint": "18613b505dc43a9a3055bf7aed2b2651246838f8",
        "link": "",
        "begin_date": "2013-10-09",
        "constituency": 1
    },
    "model": "representatives.mandate",
    "pk": 2
},
{
    "fields": {
        "updated": "2015-12-13T02:07:24.008",
        "group": 3,
        "end_date": "1997-01-15",
        "created": "2015-12-13T02:07:24.008",
        "role": "Member",
        "representative": 1,
        "fingerprint": "fd6db1f22987be42ba290e1f8fbfda6cc109dd7e",
        "link": "",
        "begin_date": "1996-11-14",
        "constituency": 1
    },
    "model": "representatives.mandate",
    "pk": 3
},
{
    "fields": {
        "updated": "2015-12-13T02:07:24.011",
        "group": 4,
        "end_date": "2004-07-19",
        "created": "2015-12-13T02:07:24.011",
        "role": "Member",
        "representative": 1,
        "fingerprint": "1d054cac567dd5bc523ddf2063dd05971d7b9c88",
        "link": "",
        "begin_date": "1999-07-20",
        "constituency": 1
    },
    "model": "representatives.mandate",
    "pk": 4
},
{
    "fields": {
        "updated": "2015-12-13T02:07:24.015",
        "group": 5,
        "end_date": "1999-07-19",
        "created": "2015-12-13T02:07:24.015",
        "role": "Member",
        "representative": 1,
        "fingerprint": "0cfeaa28bfa4036f385bd7d81f29be83120fc985",
        "link": "",
        "begin_date": "1996-11-11",
        "constituency": 1
    },
    "model": "representatives.mandate",
    "pk": 5
},
{
    "fields": {
        "updated": "2015-12-13T02:07:24.020",
        "group": 6,
        "end_date": "2004-07-19",
        "created": "2015-12-13T02:07:24.020",
        "role": "",
        "representative": 1,
        "fingerprint": "d761586241fb47f9fae7035365f5253cd8a363fb",
        "link": "",
        "begin_date": "1999-07-20",
        "constituency": 2
    },
    "model": "representatives.mandate",
    "pk": 6
},
{
    "fields": {
        "updated": "2015-12-13T02:07:24.023",
        "group": 6,
        "end_date": "1999-07-19",
        "created": "2015-12-13T02:07:24.023",
        "role": "",
        "representative": 1,
        "fingerprint": "5e7d170fc24b161457a09baebcc388edcbddc954",
        "link": "",
        "begin_date": "1996-11-11",
        "constituency": 2
    },
    "model": "representatives.mandate",
    "pk": 7
},
{
    "fields": {
        "updated": "2015-12-13T02:07:24.026",
        "group": 7,
        "end_date": "2009-07-13",
        "created": "2015-12-13T02:07:24.026",
        "role": "Member",
        "representative": 1,
        "fingerprint": "0926a8c1dbc827362c3eabfdca87a5b595706120",
        "link": "",
        "begin_date": "2006-03-21",
        "constituency": 1
    },
    "model": "representatives.mandate",
    "pk": 8
},
{
    "fields": {
        "updated": "2015-12-13T02:07:24.364",
        "group": 8,
        "end_date": "9999-12-31",
        "created": "2015-12-13T02:07:24.364",
        "role": "Member",
        "representative": 2,
        "fingerprint": "5323fd311cf0cb24122be532666fabb7ef23fa0c",
        "link": "",
        "begin_date": "2014-07-01",
        "constituency": 1
    },
    "model": "representatives.mandate",
    "pk": 9
},
{
    "fields": {
        "updated": "2015-12-13T02:07:24.368",
        "group": 9,
        "end_date": "9999-12-31",
        "created": "2015-12-13T02:07:24.368",
        "role": "Substitute",
        "representative": 2,
        "fingerprint": "9d57bd7941ddda428728446908f8dd7aa642c764",
        "link": "",
        "begin_date": "2014-07-08",
        "constituency": 1
    },
    "model": "representatives.mandate",
    "pk": 10
},
{
    "fields": {
        "updated": "2015-12-13T02:07:24.371",
        "group": 8,
        "end_date": "2012-01-18",
        "created": "2015-12-13T02:07:24.371",
        "role": "Substitute",
        "representative": 2,
        "fingerprint": "5953eb229dd3c0993c1af3654fa7dfc052614002",
        "link": "",
        "begin_date": "2009-07-16",
        "constituency": 1
    },
    "model": "representatives.mandate",
    "pk": 11
},
{
    "fields": {
        "updated": "2015-12-13T02:07:24.374",
        "group": 10,
        "end_date": "9999-12-31",
        "created": "2015-12-13T02:07:24.374",
        "role": "Member",
        "representative": 2,
        "fingerprint": "20a93b100a172b29f9ec6c6f94a8faeb1754a075",
        "link": "",
        "begin_date": "2014-07-14",
        "constituency": 1
    },
    "model": "representatives.mandate",
    "pk": 12
},
{
    "fields": {
        "updated": "2015-12-13T02:07:24.378",
        "group": 11,
        "end_date": "9999-12-31",
        "created": "2015-12-13T02:07:24.378",
        "role": "Substitute",
        "representative": 2,
        "fingerprint": "b65a685d8e4144e36aff12b64bf6d835af1b95a5",
        "link": "",
        "begin_date": "2015-05-18",
        "constituency": 1
    },
    "model": "representatives.mandate",
    "pk": 13
},
{
    "fields": {
        "updated": "2015-12-13T02:07:24.382",
        "group": 12,
        "end_date": "2013-01-10",
        "created": "2015-12-13T02:07:24.382",
        "role": "Substitute",
        "representative": 2,
        "fingerprint": "681dac891286446feb02863db19826f079cfed12",
        "link": "",
        "begin_date": "2009-09-17",
        "constituency": 1
    },
    "model": "representatives.mandate",
    "pk": 14
},
{
    "fields": {
        "updated": "2015-12-13T02:07:24.385",
        "group": 13,
        "end_date": "9999-12-31",
        "created": "2015-12-13T02:07:24.385",
        "role": "Member",
        "representative": 2,
        "fingerprint": "f5c73825add38bb2c5f8de70d88b9effa6d6527f",
        "link": "",
        "begin_date": "2014-07-01",
        "constituency": 1
    },
    "model": "representatives.mandate",
    "pk": 15
},
{
    "fields": {
        "updated": "2015-12-13T02:07:24.388",
        "group": 13,
        "end_date": "2014-06-30",
        "created": "2015-12-13T02:07:24.388",
        "role": "Member",
        "representative": 2,
        "fingerprint": "5765a17282ede4b110bedd2af0b1e5cc87673e6e",
        "link": "",
        "begin_date": "2009-07-14",
        "constituency": 1
    },
    "model": "representatives.mandate",
    "pk": 16
},
{
    "fields": {
        "updated": "2015-12-13T02:07:24.392",
        "group": 14,
        "end_date": "9999-12-31",
        "created": "2015-12-13T02:07:24.392",
        "role": "",
        "representative": 2,
        "fingerprint": "6058eddb2a4542a23de70a2528993eba09b5817a",
        "link": "",
        "begin_date": "2014-07-01",
        "constituency": 3
    },
    "model": "representatives.mandate",
    "pk": 17
},
{
    "fields": {
        "updated": "2015-12-13T02:07:24.395",
        "group": 14,
        "end_date": "2014-06-30",
        "created": "2015-12-13T02:07:24.395",
        "role": "",
        "representative": 2,
        "fingerprint": "4d9c58327c6b94bdf8a01e5c4d1fbcf751abaf8f",
        "link": "",
        "begin_date": "2009-07-14",
        "constituency": 3
    },
    "model": "representatives.mandate",
    "pk": 18
}
]
